allele,split
HLA-A*02:12,test
HLA-B*07:02,test
HLA-B*15:02,test
HLA-B*35:01,test
HLA-B*39:01,test
HLA-B*46:01,test
HLA-A*01:01,train
HLA-A*02:03,train
HLA-A*02:05,train
HLA-A*02:10,train
HLA-A*02:11,train
HLA-A*02:16,train
HLA-A*02:19,train
HLA-A*02:50,train
HLA-A*11:01,train
HLA-A*23:01,train
HLA-A*24:02,train
HLA-A*24:03,train
HLA-A*24:07,train
HLA-A*24:19,train
HLA-A*25:01,train
HLA-A*26:01,train
HLA-A*26:02,train
HLA-A*26:03,train
HLA-A*29:02,train
HLA-A*30:01,train
HLA-A*30:02,train
HLA-A*31:01,train
HLA-A*32:01,train
HLA-A*32:07,train
HLA-A*33:03,train
HLA-A*43:01,train
HLA-A*66:01,train
HLA-A*68:01,train
HLA-A*68:02,train
HLA-A*68:23,train
HLA-A*69:01,train
HLA-A*74:01,train
HLA-B*08:03,train
HLA-B*13:02,train
HLA-B*14:01(C67S),train
HLA-B*14:02(C67S),train
HLA-B*15:01,train
HLA-B*15:10,train
HLA-B*15:17,train
HLA-B*18:01,train
HLA-B*27:02,train
HLA-B*27:05,train
HLA-B*27:20,train
HLA-B*35:03,train
HLA-B*35:08,train
HLA-B*39:02,train
HLA-B*39:06(C67S),train
HLA-B*39:10,train
HLA-B*40:01,train
HLA-B*40:02,train
HLA-B*41:01,train
HLA-B*42:01,train
HLA-B*42:02,train
HLA-B*44:05,train
HLA-B*45:01,train
HLA-B*51:01,train
HLA-B*54:01,train
HLA-B*55:01,train
HLA-B*56:01,train
HLA-B*57:01,train
HLA-B*57:02,train
HLA-B*57:03,train
HLA-B*58:01,train
HLA-B*81:01,train
HLA-A*02:01,val
HLA-A*03:01,val
HLA-A*80:01,val
HLA-B*08:01,val
HLA-B*27:03,val
